frame,phase,pelvis_tx,pelvis_ty,ncon,r_heel_btm_x,r_heel_btm_z,r_heel_btm_terrain_z,r_heel_btm_clearance,r_heel_btm_surface,r_heel_btm_edge_margin,r_toe_btm_x,r_toe_btm_z,r_toe_btm_terrain_z,r_toe_btm_clearance,r_toe_btm_surface,r_toe_btm_edge_margin,l_heel_btm_x,l_heel_btm_z,l_heel_btm_terrain_z,l_heel_btm_clearance,l_heel_btm_surface,l_heel_btm_edge_margin,l_toe_btm_x,l_toe_btm_z,l_toe_btm_terrain_z,l_toe_btm_clearance,l_toe_btm_surface,l_toe_btm_edge_margin
0,96,0.3499999940395355,0.9620450735092163,2,0.3172770385694269,0.1421182719612041,0.051427447872799945,0.09069082408840416,,,0.4769679465408466,0.13099110223441612,0.07731175353352368,0.05367934870089244,,,0.18413009435803107,0.054763964382869144,0.02984565435969703,0.024918310023172116,,,0.3428499759703877,0.07557259631776973,0.055572566319039174,0.02000002999873056,,
1,97,0.37984147667884827,0.9641032814979553,2,0.42633207109302707,0.13337501399930027,0.0691041824567516,0.06427083154254867,,,0.5859259119257818,0.1458171183964353,0.09497275450108644,0.050844363895348854,,,0.18432821197667548,0.05893634045534594,0.029877767252427807,0.02905857320291813,,,0.34352798389356765,0.07568246269243242,0.05568246465042773,0.01999999804200469,,
2,98,0.41524574160575867,0.9647278785705566,2,0.5523523070430766,0.13278499313015718,0.08953080754270457,0.043254185587452615,,,0.7081823220713829,0.16941839811279819,0.11478930091184332,0.054629097200954865,,,0.18836254799017366,0.06319888025194245,0.030531692938229167,0.032667187313713285,,,0.34789618414535883,0.07639050365045129,0.056390506403968574,0.019999997246482715,,
3,99,0.4522174894809723,0.9632310271263123,2,0.6625420118425127,0.14013566924401777,0.10739146120123336,0.03274420804278441,,,0.8130551122097209,0.19464077446036893,0.13178813566027814,0.06285263880009079,,,0.19185774345486212,0.06732315483456293,0.031098229310908335,0.0362249255236546,,,0.3516432249885154,0.07699785830168453,0.05699786440411746,0.01999999389756707,,
4,100,0.4853149354457855,0.9608346819877625,2,0.7373892495383058,0.14839630738066198,0.11952345295323395,0.028872854427428027,,,0.8840987378285347,0.21243790226655695,0.14330359977857668,0.06913430248798028,,,0.19506022284782565,0.07146287048000767,0.031617319323812974,0.039845551156194696,,,0.35502271819347264,0.07754563968977994,0.0575456465928887,0.01999999309689124,,
5,101,0.5254430770874023,0.9580566883087158,3,0.7978375468098218,0.15472649103033864,0.12932151987590587,0.02540497115443277,,,0.9429871469753404,0.2222290345588543,0.1528488243727188,0.0693802101861355,,,0.19961773510779315,0.07855191853372985,0.0323560466683316,0.04619587186539825,,,0.35969564767068657,0.07830310232835386,0.05830308191876749,0.020000020409586365,,
6,102,0.5676692724227905,0.9573184847831726,8,0.8333388720480077,0.15718871669957787,0.13507593110381644,0.022112785595761436,,,0.9799670080433063,0.221416355325519,0.15884289153241982,0.0625734637930992,,,0.20873661095578452,0.08951782190402038,0.03383412561928755,0.05568369628473283,,,0.36851536546863806,0.07973264932759906,0.059732670329426155,0.019999978998172907,,
7,103,0.6059044599533081,0.9593770503997803,8,0.849909160532816,0.1586973249679188,0.13776180982713054,0.020935515140788258,,,0.9986918548428101,0.21776262551887787,0.16187800269914526,0.05588462281973261,,,0.22173528204840243,0.10335069135429825,0.03594108073663683,0.06740961061766143,,,0.3803354704709766,0.08164861281809714,0.061648591622059414,0.020000021196037727,,
8,104,0.6517423391342163,0.9644428491592407,8,0.8608749732102452,0.16050582133855112,0.13953925884264756,0.020966562495903562,,,1.0111762339098498,0.21559239780016745,0.16390159620149689,0.051690801598670566,,,0.23918878036085509,0.12711003467551388,0.03877011897624221,0.08833991569927166,,,0.39328178498519933,0.08374707988850509,0.06374706025952236,0.020000019628982735,,
9,105,0.6973700523376465,0.9720801711082458,5,0.8714447224375714,0.16195190884621696,0.14125250991769484,0.020699398928522128,,,1.021778275316169,0.21695029749036296,0.16562008151712884,0.05133021597323412,,,0.26548273932979993,0.15932123791454383,0.043032107837276845,0.11628913007726699,,,0.4078364019210859,0.0861062495273393,0.06610621870084489,0.020000030826494417,,
10,106,0.735119104385376,0.9807379245758057,5,0.8868053658731255,0.16374234730546317,0.14374231722658953,0.020000030078873632,,,1.036114201980998,0.22146471144565738,0.16794379244366803,0.05352091900198935,,,0.30669529765313325,0.19024064365539142,0.04971225306440827,0.14052839059098315,,,0.43216983853161905,0.09083672430840169,0.07005042641438367,0.02078629789401802,,
11,107,0.7765103578567505,0.9950822591781616,4,0.907717693315668,0.16713202163497784,0.14713199721824435,0.020000024416733486,,,1.0555191447675984,0.22861153685712093,0.1710891403961458,0.05752239646097512,,,0.3725903253573086,0.231302717271078,0.060393180740779165,0.17090953653029883,,,0.4757246759714946,0.10887598366360343,0.07711023175720659,0.03176575190639684,,
12,108,0.8155198097229004,1.0121561288833618,4,0.9260830505390255,0.1701088379597087,0.15010883870519265,0.019999999254516038,,,1.072731547567858,0.23428997341517088,0.173879099454536,0.06041087396063488,,,0.44831554368317533,0.27029347973451584,0.07266748440822764,0.19762599532628822,,,0.5401683974016093,0.13919026638351711,0.08755591714156273,0.05163434924195438,,
13,109,0.8478628396987915,1.0280120372772217,4,0.9401585172604601,0.1723903709478296,0.15239033166908866,0.020000039278740944,,,1.0861801084596439,0.2379853000598973,0.176058977227428,0.061926322832469294,,,0.5202378202636408,0.29395770246506436,0.08432536909604635,0.20963233336901801,,,0.6180220155093648,0.16721682313257982,0.10017521321479354,0.06704160991778628,,
14,110,0.8850170373916626,1.0466824769973755,2,0.9556345188987536,0.1748988941253644,0.1548988373936797,0.0200000567316847,,,1.1014686790901396,0.24090948070481624,0.17853710225246788,0.06237237845234836,,,0.6157497200526775,0.30766306088923334,0.09980689675332728,0.20785616413590607,,,0.7304461799076494,0.19599515332581202,0.11839805051907808,0.07759710280673394,,
15,111,0.9220256805419922,1.0634658336639404,2,0.9676365128374177,0.17684425646411847,0.15684424107127753,0.020000015392840936,,,1.1141651826256656,0.24129849416651938,0.1805950790184014,0.06070341514811797,,,0.7221792423884491,0.3096801864289527,0.11705806228591341,0.19262212414303925,,,0.8547263710185931,0.2199235245157827,0.1385426316674586,0.08138089284832412,,
16,112,0.9535781145095825,1.074764370918274,2,0.9715816643124655,0.17748373632900638,0.1574837108316741,0.02000002549733229,,,1.1195299603502147,0.23860903014895218,0.1814646560543647,0.057144374094587475,,,0.8181458734682383,0.3055219529135572,0.13261329735630167,0.17290865555725554,,,0.9631371021299571,0.2376799053303023,0.15611493140972882,0.08156497392057349,,
17,113,0.9898077249526978,1.083415150642395,2,0.9691633588261507,0.17709176308110267,0.1570917275986651,0.02000003548243756,,,1.119214789043742,0.23285526512944427,0.1814135699246917,0.05144169520475256,,,0.9342855557056086,0.2967589730776645,0.1514383830957443,0.1453205899819202,,,1.0893090968657315,0.2568503070999203,0.1765661550833303,0.08028415201659,,
18,114,1.0256249904632568,1.0869951248168945,2,0.9606515633996502,0.17571206850349227,0.15571205033751181,0.02000001816598046,,,1.1129337043229555,0.22505930201079327,0.18039546865105602,0.044663833359737254,,,1.0542588286295007,0.2871914954274973,0.1708848557029089,0.11630663972458838,,,1.213989301851282,0.2766474961987827,0.19677557449664634,0.07987192170213636,,
19,115,1.05626380443573,1.0862213373184204,2,0.9501339350272914,0.17400726323741497,0.15400724753393105,0.02000001570348392,,,1.1042076896714066,0.21743856590769317,0.17898106858714588,0.03845749732054729,,,1.1584918523095058,0.2808648795837702,0.18777999068052187,0.09308488890324834,,,1.3179284936666207,0.295181212363595,0.21362308225556229,0.08155813010803273,,
20,116,1.0922257900238037,1.081761360168457,2,0.9371144045576321,0.17189695557229268,0.15189691131932276,0.020000044252969917,,,1.0928559986759458,0.20890446568427165,0.177141072539624,0.031763393144647656,,,1.277713862787166,0.2778113371501425,0.20710469112772625,0.07070664602241625,,,1.4324506904221814,0.3188176062283674,0.232185989708559,0.08663161651980841,,
21,117,1.1292585134506226,1.072904348373413,2,0.9212595793709066,0.16932701569550732,0.14932700207061342,0.020000013624893898,,,1.078475205937941,0.19946414770019605,0.17481008926948907,0.024654058430706977,,,1.3808692283854824,0.2765062215345383,0.22382514846377197,0.05268107307076633,,,1.5288290635816988,0.33760357838324556,0.2478079640691201,0.08979561431412547,,
22,118,1.1625219583511353,1.0645897388458252,2,0.9074866553149838,0.16973177757651306,0.14709454825947194,0.022637229317041124,,,1.065898067992632,0.19277140238807414,0.17277146047684844,0.0199999419112257,,,1.4472706940579019,0.2751054272941147,0.23458816469067306,0.04051726260344163,,,1.5910984861670598,0.34538035889986385,0.2579012172667582,0.08747914163310566,,
23,119,1.2035675048828125,1.0611822605133057,2,0.9006584044848316,0.17843452765653195,0.14598775680928253,0.03244677084724942,,,1.0601739051572736,0.19184366773944844,0.17184363069389869,0.020000037045549757,,,1.4996795943582968,0.2766270509697193,0.2430831254367201,0.0335439255329992,,,1.642672564279433,0.34858544407567094,0.26626086165095586,0.08232458242471508,,
24,120,1.2476301193237305,1.0631083250045776,3,0.9102103412286837,0.1918090760141609,0.14753603061817097,0.04427304539598992,,,1.0702797084857008,0.1934816984527837,0.17348168075963558,0.02000001769314813,,,1.5327095046807033,0.2787639632756371,0.24843694492207538,0.030327018353561747,,,1.678212013435922,0.34550240617941297,0.2720214523863091,0.07348095379310388,,
25,121,1.2875324487686157,1.0716519355773926,4,0.9336621491926413,0.2084606770485424,0.1513373351091212,0.0571233419394212,,,1.093345135079272,0.1972203917723401,0.1772203566788046,0.020000035093535512,,,1.5567737272420925,0.2853368165250745,0.2523375157196199,0.0329993008054546,,,1.704401695588099,0.34723175010733226,0.27626653901394277,0.07096521109338949,,
26,122,1.3343465328216553,1.088370442390442,4,0.9743237446845978,0.2356187809894904,0.15792817474887624,0.07769060624061416,,,1.1311141512974534,0.2033423445230654,0.18334233802837027,0.020000006494695133,,,1.5884632752671581,0.2994884733620125,0.25747407582658466,0.04201439753542785,,,1.7363035455738456,0.3608745818831479,0.28143751115420645,0.07943707072894146,,
27,123,1.3728599548339844,1.1038622856140137,8,1.018049973429879,0.26460622251985866,0.165015760915248,0.09959046160461066,,,1.1682959678403784,0.2093690879357465,0.18936914015908562,0.019999947776660865,,,1.6180343949761546,0.3104562776064846,0.2622672598030607,0.048189017803423884,,,1.7645144747898365,0.37502086577134425,0.28601022179926355,0.0890106439720807,,
28,124,1.4128599166870117,1.1103459596633911,5,1.0580499352829063,0.27108989643479076,0.17149935633200367,0.09959054010278709,,,1.2082959296934057,0.2158527618506786,0.19585273557584132,0.020000026274837268,,,1.658034356829182,0.3169399515214167,0.26875085521981634,0.04818909630160034,,,1.8045144366428638,0.38150453968627634,0.29249381721601925,0.0890107224702571,,
29,125,1.43997061252594,1.1191859245300293,5,1.1009616285927415,0.303027872814566,0.1784549144170626,0.1245729583975034,,,1.2382513980534056,0.22070825838153993,0.20070821864053243,0.020000039741007503,,,1.671793459559195,0.31355989670350204,0.2709810687316883,0.042578827971813726,,,1.8164330148757744,0.3821485170622863,0.29442570003853485,0.08772281702375145,,
30,126,1.4569668769836426,1.115409255027771,4,1.141938405852345,0.325830974101595,0.18509684188214282,0.1407341322194522,,,1.2665015126099997,0.2252872919746727,0.20528728083901535,0.02000001113565736,,,1.6665784165226056,0.29175238007018517,0.2701357621972858,0.02161661787289937,,,1.8102884750111798,0.36226776054136,0.2934297313261011,0.06883802921525889,,
31,127,1.4828051328659058,1.1338677406311035,4,1.2012162563587774,0.365668615319352,0.19470519104184447,0.17096342427750755,,,1.3232202757331433,0.26203455329778724,0.21448082742239621,0.04755372587539103,,,1.661278073504789,0.2892765873674553,0.26927662938551417,0.019999957981941152,,,1.8050338007239293,0.3596988188432084,0.2925780009606937,0.06712081788251473,,
32,128,1.5170594453811646,1.1539812088012695,2,1.2766418416900869,0.3980845243511427,0.20693092718521983,0.1911535971659229,,,1.4048459112713187,0.30222673300512604,0.2277115299518045,0.07451520305332154,,,1.6545472780224166,0.28818564418525755,0.26818563447654464,0.020000009708712907,,,1.7993756825949676,0.3563745951680663,0.29166087636684557,0.06471371880122073,,
33,129,1.5596736669540405,1.1717360019683838,2,1.3668789803807462,0.41784286047345354,0.22155746860507436,0.19628539186837918,,,1.5046666409695635,0.33635936328472726,0.24389147602142217,0.0924678872633051,,,1.6476876872832256,0.28707372474805587,0.2670737631392455,0.019999961608810346,,,1.794392913848144,0.35112508170787377,0.2908532191813622,0.060271862526511566,,
34,130,1.6068660020828247,1.185354471206665,2,1.4727125121938194,0.4235975315836518,0.23871203000999666,0.18488550157365516,,,1.6206632345562306,0.3624781107951767,0.2626933685157488,0.09978474227942791,,,1.6449027404045866,0.28662235365505556,0.26662235098828907,0.020000002666766492,,,1.7936436559702045,0.3457927845433172,0.29073177194195665,0.05506101260136054,,
35,131,1.6526117324829102,1.1947566270828247,2,1.590790197220308,0.4195924596082899,0.2578512466990476,0.16174121290924232,,,1.7467042701618078,0.3833184771384286,0.2831233650186982,0.10019511211973037,,,1.6452283064431261,0.2866751558234515,0.26667512200049853,0.020000033822952956,,,1.7957587054937336,0.34113246790067037,0.2910746004038275,0.05005786749684288,,
36,132,1.694590449333191,1.200585126876831,2,1.7167301684919447,0.4122963307401532,0.27826486168006603,0.13403146906008717,,,1.8765803069844786,0.4037562358406203,0.30417497702232643,0.09958125881829388,,,1.6460225266902724,0.28680389313757054,0.2668038571921273,0.02000003594544325,,,1.7980474429818596,0.3369379606196654,0.29144558195482734,0.04549237866483807,,
37,133,1.7334226369857788,1.2035548686981201,2,1.8469165114913906,0.408171881084602,0.29936677122429994,0.10880510986030206,,,2.0057410055460108,0.4281663821214903,0.32511063981859306,0.10305574230289721,,,1.646662045237896,0.2869075588165489,0.26690751677909236,0.020000042037456534,,,1.7999403948103398,0.33306757900698336,0.29175241059242374,0.04131516841455962,,
38,134,1.770795464515686,1.2037887573242188,2,1.9740085279250241,0.4109840453925597,0.3199671212517083,0.09101692414085144,,,2.127365516549363,0.4568821276260059,0.3448247616721069,0.11205736595389898,,,1.645919101522443,0.28678714532461863,0.26678709300253683,0.020000052322081796,,,1.8004019852944988,0.32873995868054534,0.29182722981246473,0.03691272886808061,,
39,135,1.8106329441070557,1.2008044719696045,2,2.0887580698720773,0.4181967824827176,0.3385668790958878,0.07962990338682979,,,2.23439968791558,0.484631102759463,0.36217393479022386,0.12245716796923911,,,1.643055571207104,0.2863229212393319,0.2663229432591823,0.019999977980149575,,,1.7989252526716082,0.32278718244137955,0.29158786616255106,0.031199316278828493,,
40,136,1.8574594259262085,1.1933908462524414,2,2.182366988721123,0.42073817195972685,0.3537399524964863,0.06699821946324053,,,2.321406858144924,0.5000660639626832,0.37627693049298505,0.12378913346969811,,,1.6388647586106109,0.2856436541989545,0.26564365427778425,0.01999999992117024,,,1.7963964649026938,0.314082386223501,0.2911779748519362,0.022904411371564792,,
41,137,1.9121028184890747,1.189626693725586,2,2.248162609838828,0.4192462267261514,0.36440476735528005,0.05484145937087137,,,2.3854752286407175,0.5015277218328379,0.386661775229383,0.1148659466034549,,,1.6366464650986055,0.2939633316924253,0.26528409099369155,0.028679240698733732,,,1.7958065660687814,0.31108239261905096,0.2910823581263514,0.020000034492699548,,
42,138,1.9705239534378052,1.1879547834396362,3,2.2822571164141476,0.4112560531126287,0.3699311472898538,0.04132490582277487,,,2.4238319732454245,0.4859658896920587,0.3928790214966298,0.09308686819542888,,,1.6383594545045757,0.30943307908509415,0.2655617495150248,0.04387132957006934,,,1.7984241292386847,0.31150669961101485,0.2915066390452635,0.02000006056575132,,
43,139,2.0260238647460938,1.1866705417633057,4,2.2895142629351404,0.40058539637029905,0.3711074584597274,0.029477937910571628,,,2.436995129722861,0.46283002482018143,0.3950126380565837,0.06781738676359772,,,1.6417394826426337,0.3292722767685037,0.2661096184111238,0.06316265835737989,,,1.8008725255460214,0.3119034931669515,0.2919034997006556,0.019999993466295884,,
44,140,2.0740609169006348,1.1891405582427979,5,2.28930339250427,0.39471655535135874,0.3710732784631528,0.023643276888205944,,,2.439738143868846,0.44943753357447785,0.395457253329227,0.05398028024525087,,,1.6492798437497824,0.35453068990455894,0.26733183584459597,0.08719885405996297,,,1.803704054005012,0.3123624173136084,0.29236246226183454,0.019999955051773877,,
45,141,2.1111903190612793,1.1981040239334106,5,2.290393974422633,0.3946314681749746,0.3712500509299236,0.023381417245050995,,,2.4409633900022754,0.44898081011673946,0.3956558535240044,0.05332495659273506,,,1.6669503237253143,0.38508317686098154,0.2701960446506491,0.11488713221033242,,,1.8100793765258196,0.31339584163848494,0.29339583854424517,0.02000000309423977,,
46,142,2.1381022930145264,1.206756353378296,5,2.2885949165604313,0.3909584206810213,0.370958441569077,0.019999979111944344,,,2.438318907340247,0.44759521483407044,0.39522720922353693,0.05236800561053351,,,1.6956957392642003,0.4167917106154643,0.27485539020516375,0.14193632041030052,,,1.8193130590947566,0.3150874441910224,0.29489252652119147,0.020194917669830947,,
47,143,2.1655378341674805,1.2224664688110352,4,2.28763036383322,0.3908021451157505,0.3708020971789412,0.020000047936809318,,,2.436684337698302,0.44917947576468203,0.39496226176489124,0.05421721399979079,,,1.7427270710180445,0.4579138015631844,0.28247870065039765,0.17543510091278675,,,1.8428772679423078,0.3330341098223798,0.2987120500758594,0.03432205974652042,,
48,144,2.1949219703674316,1.2401481866836548,4,2.2879503926891087,0.3908539167911682,0.37085397066899334,0.019999946122174872,,,2.436617065803469,0.45021063636859293,0.3949513576607669,0.05525927870782604,,,1.80624462190551,0.4957979708618603,0.292774263014449,0.2030237078474113,,,1.8929678110802544,0.361246539399578,0.3068312282167108,0.05441531118286719,,
49,145,2.221682548522949,1.2573208808898926,5,2.2868102922454843,0.39066923321249597,0.3706691717424822,0.020000061470013764,,,2.435301272668524,0.4504641208261062,0.39473808069889194,0.05572604012721427,,,1.8794112047171625,0.519811231990387,0.304633837349053,0.215177394641334,,,1.97162002285559,0.3889581344060764,0.3195799683694635,0.0693781660366129,,
50,146,2.246734857559204,1.2723468542099,2,2.2861771317020336,0.39056650096851586,0.3705665427246679,0.01999995824384798,,,2.4348655418134917,0.44986874841901314,0.3946674530671705,0.05520129535184265,,,1.964780972702668,0.5284931894809463,0.31847142645661436,0.2100217630243319,,,2.07283631771544,0.4103871276734485,0.33598612165194836,0.07440100602150013,,
51,147,2.2729384899139404,1.2841166257858276,2,2.2825398822707963,0.38997697076329074,0.36997698081886865,0.019999989944422092,,,2.4322080068475262,0.44676123224444436,0.3942366931182358,0.05252453912620858,,,2.0591731488755873,0.526744855391709,0.3337714580681699,0.19297339732353913,,,2.1851525557878357,0.4279815594285186,0.3541914651737525,0.07379009425476613,,
52,148,2.3054163455963135,1.2923088073730469,2,2.276081615683689,0.38893012126446874,0.36893016012943375,0.019999961135034994,,,2.4274106053061564,0.44112721684316153,0.39345908211049907,0.04766813473266246,,,2.1628978981221163,0.5182514044275697,0.3505842068225297,0.16766719760503995,,,2.305187500918368,0.44491199678733306,0.37364793423135834,0.07126406255597473,,
53,149,2.3467373847961426,1.2965424060821533,2,2.2692459581734568,0.3878221637744146,0.36782216813017393,0.019999995644240653,,,2.4225278635420047,0.4339703749885713,0.39266763830263807,0.041302736685933206,,,2.277585874662994,0.505855286358087,0.36917398552755964,0.13668130083052732,,,2.431211135890653,0.46086329786255037,0.3940751102649614,0.06678818759758898,,
54,150,2.394591808319092,1.2969555854797363,2,2.265727984541167,0.3872519775313614,0.3672519396433971,0.02000003788796434,,,2.4207805950746732,0.42704755393208926,0.3923844234868776,0.03466313044521169,,,2.4032725681793825,0.4918106071675248,0.3895465467070988,0.10226406046042597,,,2.562560016673186,0.4759200835178173,0.41536545560495736,0.060554627912859926,,
55,151,2.4441919326782227,1.2941173315048218,2,2.264942612620881,0.3871246083867146,0.3671246386774231,0.019999969709291465,,,2.421351039468627,0.421203985770223,0.39247688684151133,0.02872709892871167,,,2.5339682720565193,0.47945163114075723,0.41073101857637206,0.06872061256438516,,,2.6935645741080676,0.49186212529221945,0.4365999895597596,0.05526213573245986,,
56,152,2.494908571243286,1.2872943878173828,2,2.2634708608606844,0.3868861330597224,0.3668860823757428,0.020000050683979642,,,2.4210536693450777,0.41504032346360126,0.3924286861062904,0.022611637357310865,,,2.6576919691845426,0.4699792974718173,0.43078539759280127,0.03919389987901606,,,2.8138580525273484,0.5051525026436592,0.45609836428848,0.04905413835517919,,
57,153,2.548923969268799,1.2834614515304565,2,2.2616212883678615,0.3944231497296239,0.3665862850963982,0.02783686463322571,,,2.4203472652716957,0.4151852362829142,0.39231418504177973,0.022871051241134477,,,2.7631516172894517,0.46787932143606414,0.4478793561725119,0.019999965263552244,,,2.915355913298833,0.5174661359568125,0.4725501566008443,0.04491597935596814,,
58,154,2.5819644927978516,1.2903549671173096,2,2.242621482256285,0.41609305654623224,0.36350660576378047,0.05258645078245178,,,2.40227978511598,0.4276786649633709,0.38938562646064057,0.03829303850273036,,,2.8226255360955985,0.4775195488604907,0.457519486050757,0.02000006280973371,,,2.97250721318568,0.5337377197805144,0.4818138130855554,0.051923906694959054,,
59,155,2.60796856880188,1.292689561843872,2,2.231925879490932,0.43205103828354985,0.3617729550837203,0.07027808319982953,,,2.392001555753626,0.43293300710898447,0.3877196278521674,0.045213379256817066,,,2.8545400843746607,0.48269253267425716,0.4626925164578921,0.020000016216365046,,,3.0046106582552596,0.5384044948226692,0.48701746178102134,0.05138703304164782,,
60,156,2.650721788406372,1.296190857887268,2,2.256701792454721,0.44528178542875274,0.36578888380705743,0.07949290162169531,,,2.4162928425034833,0.4328039355387951,0.3916570034931033,0.04114693204569181,,,2.8887707852498776,0.4882410187285151,0.46824097213198407,0.02000004659653104,,,3.040388652514647,0.5395929633530397,0.4928167183016452,0.04677624505139455,,
61,157,2.6945085525512695,1.3011993169784546,4,2.29540642138214,0.4590264254559776,0.3720625186580879,0.08696390679788968,,,2.4524166861501984,0.4278370568005948,0.39751231875475307,0.030324738045841737,,,2.920323906823832,0.4933554455837273,0.47335541887003113,0.020000026713696162,,,3.072366337890065,0.5434363706096679,0.4979999826032541,0.04543638800641375,,
62,158,2.738105058670044,1.3098161220550537,4,2.343036086985907,0.4802187629240294,0.37978281306098916,0.10043594986304022,,,2.4931057610669827,0.42450437705765814,0.40410761253557764,0.0203967645220805,,,2.953941239904249,0.4988044897922349,0.47880445373372926,0.020000036058505644,,,3.1049509284453713,0.5519182718993076,0.5032816201897473,0.04863665170956033,,
63,159,2.7920095920562744,1.3253642320632935,4,2.4090658903558375,0.5155935299337208,0.3904855865304133,0.12510794340330744,,,2.5459983614840414,0.4326809370082511,0.4126809762528827,0.019999960755368418,,,2.9953683958740145,0.5062428674840587,0.4855193831019548,0.020723484382103863,,,3.1448156006927,0.5636060336747163,0.5097432865089038,0.05386274716581252,,
64,160,2.832720994949341,1.3409229516983032,8,2.4719077788415365,0.5548098117248071,0.4006716307487358,0.15413818097607135,,,2.5922758772215477,0.44928009822890824,0.4201821006298757,0.029097997599032532,,,3.0183190734981804,0.5092394421185499,0.489239459356083,0.019999982762466895,,,3.1664548844217237,0.5699088855754914,0.5132507988741125,0.05665808670137884,,
65,161,2.852724552154541,1.3557993173599243,4,2.5227561668558613,0.5887113857192834,0.40891364799591323,0.17979773772337015,,,2.634526680215101,0.4741149119568352,0.4270305349771329,0.0470843769797023,,,3.014092032164141,0.5085542970118871,0.4885542980571669,0.019999998954720266,,,3.1615335368068522,0.5708921069472156,0.5124530974423641,0.05843900950485148,,
66,162,2.8799185752868652,1.3719182014465332,4,2.5864713960841983,0.6140286717263419,0.4192412520501435,0.1947874196761984,,,2.703352605957703,0.5046495956544346,0.43818653203378827,0.0664630636206463,,,3.00889791470749,0.5077124256633627,0.4877123833508536,0.020000042312509125,,,3.1564177917449965,0.5698645432349898,0.5116238861206581,0.058240657114331684,,
67,163,2.9135215282440186,1.387198805809021,2,2.6647222948163694,0.6287348522365773,0.43192494335567705,0.19680990888090028,,,2.7931160359796054,0.5331312599868497,0.45273628999657567,0.08039496999027407,,,3.00457486663871,0.5070116445239006,0.48701166031646315,0.019999984207437427,,,3.1528026951582593,0.5674559221758074,0.51103791497031,0.05641800720549739,,
68,164,2.9510762691497803,1.4002009630203247,2,2.755611495456119,0.6331842398444956,0.4466571775229421,0.18652706232155347,,,2.896369832726496,0.5569471737425009,0.46947270204143104,0.08747447170106987,,,3.0009503181188357,0.5064242104389797,0.4864241571018948,0.020000053337084878,,,3.15042163240695,0.5637245251747453,0.5106519684137079,0.05307255676103739,,
69,165,2.990243911743164,1.4102004766464233,2,2.857492210821449,0.6294747435699306,0.46317102675173705,0.16630371681819356,,,3.008653177450313,0.5767930384653341,0.4876727138790483,0.08912032458628583,,,2.9985018926255664,0.5060272595115273,0.48602729171575376,0.01999996779577351,,,3.1495467711602014,0.5590408856080565,0.5105101621192278,0.0485307234888287,,
70,166,3.0291104316711426,1.4169235229492188,2,2.9685140673717205,0.6215937312741033,0.48116656392084484,0.1404271673532585,,,3.1262678779416717,0.5944140473167225,0.5067368853862807,0.08767716193044184,,,2.997388696896636,0.505846887612423,0.48584685377552356,0.020000033836899467,,,3.1500756497235636,0.5539269701888601,0.5105958880667184,0.04333108212214165,,
71,167,3.067422866821289,1.4205849170684814,2,3.085559959007618,0.6139730275246618,0.5001385371779432,0.11383449034671855,,,3.2456269412629073,0.6120859155679419,0.5260838007343822,0.08600211483355968,,,2.996689488674884,0.5057335070478621,0.4857335190868915,0.019999987960970633,,,3.150885778482295,0.548727740765511,0.5107272018696263,0.03800053889588473,,
72,168,3.105760335922241,1.421831727027893,2,3.2058312966185603,0.6102000624760335,0.5196333231021543,0.09056673937387927,,,3.364361883301861,0.6324048607277742,0.545329552238874,0.08707530848890022,,,2.9965906973264826,0.5057175401189946,0.48571750599327745,0.02000003412571716,,,3.152071276896271,0.5438067684713205,0.5109193593549676,0.032887409116352906,,
73,169,3.144251823425293,1.421114444732666,2,3.3244836454905125,0.6125106846569254,0.538865687076903,0.07364499758002241,,,3.478391544191248,0.6565261210080301,0.5638126245336211,0.09271349647440896,,,2.9967098849647678,0.5057367545923297,0.48573682512233457,0.019999929469995126,,,3.153262175527108,0.5391490318775748,0.5111123921616759,0.02803663971589887,,
74,170,3.184697389602661,1.4173839092254639,2,3.4328941876183046,0.6180454808111678,0.5564379561868185,0.061607524624349375,,,3.5805716268977696,0.6798222868923123,0.5803749982267246,0.09944728866558772,,,2.9950066284034773,0.5054608185372,0.48546074419818475,0.020000074339015295,,,3.1526183314084237,0.5334528003067218,0.5110080314427247,0.022444768863997155,,
75,171,3.229520797729492,1.4147790670394897,2,3.522843574095845,0.6258133804761089,0.5710178558389385,0.05479552463717041,,,3.665479356449103,0.6984772186179289,0.5941376955060094,0.10433952311191952,,,2.9926790990894356,0.5101906452661711,0.48508347487857056,0.02510717038760052,,,3.151423126045186,0.5308142697835153,0.5108143005575893,0.019999969225926062,,
76,172,3.278024435043335,1.4135104417800903,2,3.587265062452341,0.6306959659161162,0.5814599374635024,0.04923602845261377,,,3.7289280021996163,0.7052386467889972,0.6044220890336559,0.10081655775534126,,,2.992887197196914,0.520413912322583,0.4851172055091357,0.035296706813447376,,,3.1526144003244188,0.5310073336967611,0.511007394253161,0.019999939443600123,,
77,173,3.3278322219848633,1.4129644632339478,4,3.622666162421893,0.6294641385968377,0.5871981031736111,0.0422660354232266,,,3.7674384257695115,0.6977722023353153,0.6106642451305171,0.08710795720479825,,,2.9980179231268482,0.5349203810753783,0.48594884508034775,0.04897153599503057,,,3.158067366967458,0.5318912680152706,0.51189126583445,0.020000002180820653,,
78,174,3.37461519241333,1.4138431549072266,8,3.6313739839000303,0.6236214777329503,0.5886095543053153,0.03501192342763504,,,3.7799591919544153,0.683181831999156,0.6126937366222588,0.07048809537689726,,,3.0039689182768994,0.5549745454295952,0.48691344212225934,0.06806110330733589,,,3.1624764722987893,0.532605922377494,0.5126059378939696,0.01999998448352447,,
79,175,3.4170684814453125,1.4171379804611206,8,3.6297899912976193,0.617535942310751,0.5883528048810307,0.02918313742972034,,,3.7802322904644305,0.6722361662345593,0.6127380031706712,0.05949816306388811,,,3.012509591000008,0.5823666299097273,0.48829780010557494,0.09406882980415238,,,3.164778670397273,0.5329791076155878,0.5129791012758408,0.020000006339746967,,
80,176,3.4549708366394043,1.4233702421188354,8,3.6300949707762737,0.613179928969348,0.588402239016925,0.02477768995242302,,,3.7807483689732178,0.6672960401587177,0.6128216543568036,0.054474385801914105,,,3.0338480355740067,0.6161152882184707,0.49175654944011216,0.12435873877835857,,,3.171279769788749,0.5340329018538541,0.5140328647362491,0.020000037117605007,,
81,177,3.4861068725585938,1.4314725399017334,8,3.6312250990482497,0.6085853889828482,0.5885854215537347,0.019999967429113474,,,3.781206853751392,0.664536020135138,0.6128959701728373,0.05164004996230076,,,3.0707277032180356,0.6534059161154777,0.49773437624371947,0.15567153987175825,,,3.1847042104561742,0.5410032681314431,0.5162088328610097,0.024794435270433346,,
82,178,3.5185306072235107,1.4474047422409058,5,3.6352819279558637,0.6092430003163469,0.589242993113643,0.020000007202703896,,,3.7845027737226844,0.6671924528535893,0.6134302059728208,0.05376224688076847,,,3.12591359107574,0.6970709966474583,0.5066794590140103,0.19039153763344796,,,3.2166219578030253,0.5651733413074913,0.5213823818051706,0.0437909595023207,,
83,179,3.5507967472076416,1.464475393295288,4,3.6388761881238985,0.609825633257065,0.5898255868880502,0.020000046369014757,,,3.787555551069685,0.6691505596209191,0.6139250307751072,0.05522552884581189,,,3.192191474215725,0.7314060996320841,0.5174224437432858,0.2139836558887983,,,3.2754984632452446,0.5947132146528943,0.5309256769273601,0.06378753772553414,,
84,180,3.5769126415252686,1.48026442527771,4,3.638911168473059,0.609831227539642,0.5898312568542449,0.01999997068539716,,,3.787205323810075,0.6701125956576466,0.6138682624245879,0.05624433323305866,,,3.264770935956143,0.7480990961386655,0.5291868515999687,0.21891224453869684,,,3.3599974034933537,0.6194254034360137,0.5446221135321339,0.07480328990387985,,
85,181,3.601499319076538,1.4942561388015747,2,3.6372407532633266,0.6095604601666242,0.5895604991860827,0.019999960980541576,,,3.785534116095523,0.6698437778358274,0.613597376299288,0.05624640153653937,,,3.3485607399511195,0.7515678388638726,0.5427683442811065,0.20879949458276603,,,3.462836613562987,0.6394695597106818,0.5612913252058891,0.07817823450479267,,
86,182,3.6288797855377197,1.5057082176208496,2,3.632287738178596,0.6087576825047164,0.588757664772878,0.02000001773183835,,,3.7812922718181032,0.6672610910629274,0.6129098155906872,0.05435127547224017,,,3.4425012337355283,0.7474389602229553,0.557995162676241,0.18944379754671425,,,3.5750332167533,0.6576599362635608,0.5794772771048711,0.07818265915868972,,
87,183,3.6637661457061768,1.5138903856277466,2,3.6252285904021795,0.607613475004259,0.5876134472274328,0.02000002777682619,,,3.7756860778838743,0.6622719083590137,0.6120011073916403,0.050270800967373463,,,3.546968392495878,0.738431488576763,0.5749282486183925,0.16350323995837046,,,3.693977523044222,0.6750807555977364,0.5987569644693388,0.0763237911283976,,
88,184,3.7070350646972656,1.5180445909500122,2,3.6192357944225497,0.6066420458797052,0.5866420746873828,0.01999997119232233,,,3.7715742161904964,0.6558152616884341,0.6113346155652861,0.04448064612314795,,,3.662892623436462,0.7262548650264146,0.593718411848521,0.13253645317789353,,,3.8189045232534307,0.690403964588677,0.6190063869303295,0.07139757765834753,,
89,185,3.7553980350494385,1.5181739330291748,2,3.6165229710852844,0.6062023477887025,0.5862023530441326,0.019999994744569927,,,3.770674811966815,0.6493556776208913,0.6111888310986935,0.03816684652219782,,,3.7887845155430604,0.7129132886029276,0.6141242336757552,0.09878905492717238,,,3.9486650521251088,0.704962564131867,0.6400392762455609,0.06492328788630608,,
90,186,3.806342363357544,1.5140490531921387,2,3.6145799841760557,0.6058874667965165,0.5858874142182963,0.02000005257822024,,,3.770389372802749,0.6426085010936865,0.6111425642531725,0.03146593684051402,,,3.9169781727356683,0.7009419033010315,0.6349031486978514,0.0660387546031801,,,4.076069682280899,0.7186870879312485,0.6606902978436981,0.05799679008755032,,
91,187,3.8605854511260986,1.5048491954803467,2,3.612013202372069,0.6054713249058982,0.5854713644530167,0.019999960452881438,,,3.769444758570969,0.6344593410150329,0.6109894516945586,0.023469889320474224,,,4.036886656008715,0.6903083638648346,0.6543391195479188,0.03596924431691584,,,4.192570673318069,0.7275573463593834,0.6795739481409526,0.047983398218430784,,
92,188,3.89772367477417,1.5000112056732178,2,3.5906789472817158,0.614493254432453,0.5820132941920512,0.032479960240401784,,,3.749570584393284,0.6339469851880385,0.6077680460071307,0.026178939180907745,,,4.119170296042331,0.6876764293537745,0.6676764780523132,0.01999995130146126,,,4.271297855918587,0.7374981658063914,0.692334840317758,0.04516332548863333,,
93,189,3.927081823348999,1.5054855346679688,2,3.568032937435299,0.6366784520489336,0.578342601550205,0.05833585049872858,,,3.72788983927868,0.6450909980429005,0.6042538131642748,0.04083718487862564,,,4.171625451947274,0.6961789723553836,0.6761789363711517,0.020000035984231945,,,4.321609993309073,0.7521221329981161,0.7004899366798673,0.05163219631824889,,
94,190,3.968815326690674,1.5109310150146484,2,3.570400513841667,0.6584668682780429,0.5787263621046163,0.07974050617342665,,,3.7304178321411485,0.6540557637184754,0.6046635756284721,0.04939218809000334,,,4.215713747681287,0.7033252298338523,0.6833252099902096,0.020000019843642636,,,4.365879413796476,0.7587803701965263,0.7076655688174472,0.05111480137907909,,
95,191,4.013129711151123,1.5152002573013306,2,3.5796696295518466,0.6895944746489076,0.580228793440844,0.10936568120806356,,,3.734357124823648,0.6484025004771393,0.60530209573695,0.04310040474018928,,,4.231617850368837,0.7059030498414904,0.6859031066309987,0.0199999432104917,,,4.384685675695107,0.7527564462908993,0.710713876560847,0.04204256973005238,,
