reset_index,step,reference_index,reward,done,mean_raw_action,min_raw_action,max_raw_action,mean_target_activation,mean_ctrl,max_ctrl,mean_act_state
344,0,344,-0.5502969549941263,False,-0.17923319339752197,-0.9775262475013733,0.981330156326294,0.410383403301239,0.410383403301239,0.990665078163147,0.3893965482711792
344,1,345,-1.1215399225447724,False,-0.12848512828350067,-0.9929330945014954,0.9872481822967529,0.43575745820999146,0.43575745820999146,0.9936240911483765,0.4701145887374878
344,2,346,-0.5376981845418266,False,-0.2592816650867462,-0.9591667652130127,0.8923566341400146,0.3703591525554657,0.3703591525554657,0.9461783170700073,0.42332905530929565
344,3,347,-0.419154033469328,False,-0.32290127873420715,-0.94562166929245,0.6395288705825806,0.33854934573173523,0.33854934573173523,0.8197644352912903,0.3787934184074402
344,4,348,-0.46137303675304,False,-0.2609294354915619,-0.9052335023880005,0.5620940923690796,0.36953526735305786,0.36953526735305786,0.7810470461845398,0.3993254601955414
344,5,349,-0.6974627845549246,False,-0.2395506352186203,-0.9028072357177734,0.6645568609237671,0.38022467494010925,0.38022467494010925,0.8322784304618835,0.4033972918987274
344,6,350,-0.975715563256661,False,-0.23053616285324097,-0.8691824674606323,0.663056492805481,0.38473188877105713,0.38473188877105713,0.8315282464027405,0.40109845995903015
344,7,351,-1.2314593329542103,False,-0.25174111127853394,-0.8624743223190308,0.5657198429107666,0.37412941455841064,0.37412941455841064,0.7828599214553833,0.3999394178390503
344,8,352,-1.4115093786648638,False,-0.25134292244911194,-0.8892265558242798,0.8023521900177002,0.37432849407196045,0.37432849407196045,0.9011760950088501,0.4057140648365021
344,9,353,-0.9820861178256541,False,-0.27548253536224365,-0.9645535349845886,0.7437227964401245,0.36225876212120056,0.36225876212120056,0.8718613982200623,0.4022834002971649
344,10,354,-0.9545434087691863,False,-0.24599899351596832,-0.9319136738777161,0.9586389064788818,0.37700051069259644,0.37700051069259644,0.9793194532394409,0.41839951276779175
344,11,355,-0.5247032185324303,False,-0.26611459255218506,-0.890730619430542,0.7158812284469604,0.36694270372390747,0.36694270372390747,0.8579406142234802,0.4030047655105591
344,12,356,-0.7577890218260699,False,-0.3092247247695923,-0.9031581878662109,0.7529284954071045,0.34538766741752625,0.34538766741752625,0.8764642477035522,0.3804487884044647
344,13,357,-1.130979278734358,False,-0.23044662177562714,-0.9366980195045471,0.9637374877929688,0.38477668166160583,0.38477668166160583,0.9818687438964844,0.40349188446998596
344,14,358,-1.1826993109940864,False,-0.15917986631393433,-0.9527230858802795,0.8835910558700562,0.42041006684303284,0.42041006684303284,0.9417955279350281,0.4452377259731293
344,15,359,-1.6894305711447752,False,0.059303488582372665,-0.9971510171890259,0.9702980518341064,0.5296517610549927,0.5296517610549927,0.9851490259170532,0.5528010725975037
344,16,360,-2.0866384297083034,False,0.1373019814491272,-0.9969351887702942,0.9967514276504517,0.5686509609222412,0.5686509609222412,0.9983757138252258,0.5849791765213013
344,17,361,-2.113082103535631,False,0.12276396155357361,-0.991485059261322,0.9724993705749512,0.561381995677948,0.561381995677948,0.9862496852874756,0.5808153748512268
344,18,362,-1.746785988530639,False,-0.13663335144519806,-0.9771121740341187,0.9589810371398926,0.43168336153030396,0.43168336153030396,0.9794905185699463,0.48611852526664734
344,19,363,-1.1694215787981221,False,-0.1656879037618637,-0.970024049282074,0.9795970916748047,0.41715604066848755,0.41715604066848755,0.9897985458374023,0.46099016070365906
344,20,364,-1.1678243261998185,False,-0.1530095636844635,-0.9564635753631592,0.8576774597167969,0.42349520325660706,0.42349520325660706,0.9288387298583984,0.46256402134895325
344,21,365,-1.135242030057726,False,-0.26366811990737915,-0.9367994070053101,0.6673992872238159,0.3681659400463104,0.3681659400463104,0.833699643611908,0.40710410475730896
344,22,366,-0.8989906923505091,False,-0.266497403383255,-0.972950279712677,0.7366325855255127,0.3667512834072113,0.3667512834072113,0.8683162927627563,0.4027542173862457
344,23,367,-0.6460114426191463,False,-0.29917192459106445,-0.9580273628234863,0.8464250564575195,0.3504140377044678,0.3504140377044678,0.9232125282287598,0.3840654492378235
344,24,368,-0.9282202903442949,False,-0.30062317848205566,-0.9432873725891113,0.8396458625793457,0.34968841075897217,0.34968841075897217,0.9198229312896729,0.3833557963371277
344,25,369,-1.4872486809009302,False,-0.23048077523708344,-0.9411364793777466,0.8229011297225952,0.38475969433784485,0.38475969433784485,0.9114505648612976,0.41007643938064575
344,26,370,-1.8363713853769492,False,-0.12596243619918823,-0.9499288201332092,0.9334166049957275,0.4370187819004059,0.4370187819004059,0.9667083024978638,0.46394187211990356
344,27,371,-2.0079154176305156,False,-0.06458695232868195,-0.9048998355865479,0.9072024822235107,0.467706561088562,0.467706561088562,0.9536012411117554,0.49499911069869995
344,28,372,-1.6199947005290043,False,-0.0464002750813961,-0.9678868651390076,0.934982180595398,0.476799875497818,0.476799875497818,0.967491090297699,0.5099977850914001
344,29,373,-1.1911182551144297,False,-0.15197986364364624,-0.9715754985809326,0.9361257553100586,0.42401009798049927,0.42401009798049927,0.9680628776550293,0.47899726033210754
344,30,374,-1.258054229603791,False,-0.14066675305366516,-0.9875202178955078,0.9733138084411621,0.4296666383743286,0.4296666383743286,0.986656904220581,0.47009408473968506
344,31,375,-1.1974371586376726,False,-0.17588728666305542,-0.9798557758331299,0.9658840894699097,0.4120563566684723,0.4120563566684723,0.9829420447349548,0.4517490267753601
344,32,376,-1.3141216468190522,False,-0.23003144562244415,-0.9837539792060852,0.9689903259277344,0.3849842846393585,0.3849842846393585,0.9844951629638672,0.41537731885910034
344,33,377,-1.1045744209075217,False,-0.2932910919189453,-0.9902712106704712,0.9521379470825195,0.35335445404052734,0.35335445404052734,0.9760689735412598,0.3928983509540558
344,34,378,-1.0123057958401493,False,-0.33980661630630493,-0.9741678237915039,0.8792476654052734,0.33009669184684753,0.33009669184684753,0.9396238327026367,0.36313194036483765
344,35,379,-0.9608776520207039,False,-0.3318312466144562,-0.9549424052238464,0.7985856533050537,0.3340843915939331,0.3340843915939331,0.8992928266525269,0.36435291171073914
344,36,380,-0.9910193129093152,False,-0.3183645009994507,-0.9301899671554565,0.8257560729980469,0.34081774950027466,0.34081774950027466,0.9128780364990234,0.36019381880760193
344,37,381,-0.8069028830273484,False,-0.20814748108386993,-0.9666805267333984,0.8918278217315674,0.39592626690864563,0.39592626690864563,0.9459139108657837,0.40686333179473877
344,38,382,-1.0760576345108106,False,-0.2616100311279297,-0.9483546018600464,0.9496687650680542,0.36919498443603516,0.36919498443603516,0.9748343825340271,0.3952852487564087
344,39,383,-1.5453130387039526,False,-0.27662187814712524,-0.9508042931556702,0.9781326055526733,0.3616890609264374,0.3616890609264374,0.9890663027763367,0.38981932401657104
344,40,384,-1.9371835907130424,False,-0.25489455461502075,-0.9470422863960266,0.9725325107574463,0.37255269289016724,0.37255269289016724,0.9862662553787231,0.39286747574806213
344,41,385,-2.0404624180789748,False,-0.24031858146190643,-0.9259546995162964,0.9594920873641968,0.3798407316207886,0.3798407316207886,0.9797460436820984,0.39605921506881714
344,42,386,-2.463330200033698,False,-0.23245248198509216,-0.9072535634040833,0.7965043783187866,0.3837738037109375,0.3837738037109375,0.8982521891593933,0.4013810157775879
344,43,387,-2.943393759656045,False,-0.21857890486717224,-0.7948150038719177,0.6372766494750977,0.3907105326652527,0.3907105326652527,0.8186383247375488,0.4095138609409332
344,44,388,-3.71647832208477,False,-0.22170911729335785,-0.9532777070999146,0.8290544748306274,0.38914546370506287,0.38914546370506287,0.9145272374153137,0.40965327620506287
344,45,389,-4.116952953783207,False,-0.29687854647636414,-0.9537454843521118,0.9495248794555664,0.35156071186065674,0.35156071186065674,0.9747624397277832,0.38430625200271606
344,46,390,-4.0380311199614525,False,-0.20269173383712769,-0.9968023896217346,0.7228691577911377,0.39865416288375854,0.39865416288375854,0.8614345788955688,0.417598694562912
344,47,391,-3.2808936185536246,True,-0.17264339327812195,-0.9935804009437561,0.8760926723480225,0.41367828845977783,0.41367828845977783,0.9380463361740112,0.44298306107521057
762,0,762,-3.9415570216479985,False,-0.1036895290017128,-0.9916751384735107,0.9744222164154053,0.4481552243232727,0.4481552243232727,0.9872111082077026,0.4212415814399719
762,1,763,-2.0053375323968208,False,0.09766034781932831,-0.9908631443977356,0.9851279258728027,0.5488302707672119,0.5488302707672119,0.9925639629364014,0.5653294920921326
762,2,764,-0.9448286809182024,False,-0.2674398124217987,-0.9973945021629333,0.9591042995452881,0.36628007888793945,0.36628007888793945,0.979552149772644,0.45164012908935547
762,3,765,-1.0082506257810584,False,-0.04009724035859108,-0.9968701601028442,0.9800841808319092,0.4799513816833496,0.4799513816833496,0.9900420904159546,0.5106974244117737
762,4,766,-1.3728387664128006,False,-0.07515167444944382,-0.9945410490036011,0.9497493505477905,0.462424099445343,0.462424099445343,0.9748746752738953,0.49159640073776245
762,5,767,-1.223671586358011,False,-0.21658717095851898,-0.9910618662834167,0.9406721591949463,0.3917063772678375,0.3917063772678375,0.9703360795974731,0.43300020694732666
762,6,768,-1.0832280110919545,False,-0.30080708861351013,-0.9521759152412415,0.7601823806762695,0.34959647059440613,0.34959647059440613,0.8800911903381348,0.3884509801864624
762,7,769,-1.0352275286366954,False,-0.29069530963897705,-0.972343385219574,0.6118484735488892,0.35465237498283386,0.35465237498283386,0.8059242367744446,0.3871191143989563
762,8,770,-0.4513982236868788,False,-0.3507952392101288,-0.9900959134101868,0.7258487939834595,0.3246023654937744,0.3246023654937744,0.8629243969917297,0.369133859872818
762,9,771,-1.2613770563182827,False,-0.3425769507884979,-0.9675959348678589,0.657172441482544,0.32871150970458984,0.32871150970458984,0.828586220741272,0.37525567412376404
762,10,772,-1.328319793279797,False,-0.1524178385734558,-0.9875432848930359,0.9768093824386597,0.4237910509109497,0.4237910509109497,0.9884046912193298,0.45575132966041565
762,11,773,-1.4974917560740149,False,-0.10533757507801056,-0.9537519812583923,0.9515209197998047,0.4473312199115753,0.4473312199115753,0.9757604598999023,0.4833708107471466
762,12,774,-1.021821220621955,False,-0.06403739005327225,-0.9154892563819885,0.9151310920715332,0.4679813086986542,0.4679813086986542,0.9575655460357666,0.509986937046051
762,13,775,-1.0359743934638017,False,-0.15997949242591858,-0.9587377905845642,0.9017645120620728,0.4200102984905243,0.4200102984905243,0.9508822560310364,0.47329673171043396
762,14,776,-1.1427732455798607,False,-0.13313935697078705,-0.9847774505615234,0.9243967533111572,0.4334303140640259,0.4334303140640259,0.9621983766555786,0.473061740398407
762,15,777,-1.0160852189433407,False,-0.13672930002212524,-0.9930432438850403,0.9691686630249023,0.43163537979125977,0.43163537979125977,0.9845843315124512,0.461940199136734
762,16,778,-1.158926561109093,False,-0.20837263762950897,-0.9909248352050781,0.971426248550415,0.3958136737346649,0.3958136737346649,0.9857131242752075,0.4296167492866516
762,17,779,-1.4200835268838117,False,-0.2773813307285309,-0.990540623664856,0.9723148345947266,0.36130931973457336,0.36130931973457336,0.9861574172973633,0.39149558544158936
762,18,780,-1.2162439158270415,False,-0.33819782733917236,-0.9881505370140076,0.9176487922668457,0.33090105652809143,0.33090105652809143,0.9588243961334229,0.36747777462005615
762,19,781,-0.9953848933694228,False,-0.33895060420036316,-0.957665205001831,0.658399224281311,0.3305247128009796,0.3305247128009796,0.8291996121406555,0.35681188106536865
762,20,782,-0.9975024130491772,False,-0.39167025685310364,-0.9755473136901855,0.6108390092849731,0.304164856672287,0.304164856672287,0.8054195046424866,0.3452043831348419
762,21,783,-0.8912238572477595,False,-0.35936322808265686,-0.9139468669891357,0.8934636116027832,0.32031840085983276,0.32031840085983276,0.9467318058013916,0.34370172023773193
762,22,784,-0.8450585948584175,False,-0.322890967130661,-0.9363741874694824,0.9543297290802002,0.3385545015335083,0.3385545015335083,0.9771648645401001,0.35383912920951843
762,23,785,-1.0554738445530052,False,-0.32847586274147034,-0.9445744752883911,0.9727156162261963,0.33576205372810364,0.33576205372810364,0.9863578081130981,0.35387784242630005
762,24,786,-1.2644587464475308,False,-0.29778310656547546,-0.9689420461654663,0.9855337142944336,0.3511084318161011,0.3511084318161011,0.9927668571472168,0.3675563633441925
762,25,787,-1.4164520981281994,False,-0.24919191002845764,-0.9654998779296875,0.948509693145752,0.3754040598869324,0.3754040598869324,0.974254846572876,0.3898930251598358
762,26,788,-1.9376246612722707,False,-0.27513179183006287,-0.9471659064292908,0.8174219131469727,0.36243411898612976,0.36243411898612976,0.9087109565734863,0.38119181990623474
762,27,789,-2.139494447613978,False,-0.27696359157562256,-0.9394245147705078,0.73775315284729,0.3615182042121887,0.3615182042121887,0.868876576423645,0.38403597474098206
762,28,790,-2.583132130529969,False,-0.2573682367801666,-0.8268617391586304,0.5357917547225952,0.3713158667087555,0.3713158667087555,0.7678958773612976,0.39027735590934753
762,29,791,-3.3167024731064476,False,-0.2950999438762665,-0.960975170135498,0.8999435901641846,0.35245001316070557,0.35245001316070557,0.9499717950820923,0.38078516721725464
762,30,792,-4.986730399629678,False,-0.35575777292251587,-0.9357207417488098,0.9771753549575806,0.32212111353874207,0.32212111353874207,0.9885876774787903,0.35595595836639404
762,31,793,-4.044944272471286,False,-0.09769916534423828,-0.996626615524292,0.9094266891479492,0.45115044713020325,0.45115044713020325,0.9547133445739746,0.4629565477371216
762,32,794,-2.622776674990897,False,-0.2186536341905594,-0.9940721988677979,0.9335222244262695,0.3906731903553009,0.3906731903553009,0.9667611122131348,0.4442589581012726
762,33,795,-2.4157167298033446,False,-0.044553712010383606,-0.9946010112762451,0.9783672094345093,0.4777231514453888,0.4777231514453888,0.9891836047172546,0.49834173917770386
762,34,796,-2.7367410833033254,False,-0.016544552519917488,-0.994442343711853,0.9948592185974121,0.491727739572525,0.491727739572525,0.997429609298706,0.5106214880943298
762,35,797,-3.5306001255422386,False,-0.0053928387351334095,-0.9946861267089844,0.9946548938751221,0.4973035752773285,0.4973035752773285,0.997327446937561,0.5159006118774414
762,36,798,-4.460634704706074,False,-0.0025620406959205866,-0.9968355894088745,0.9893152713775635,0.4987190067768097,0.4987190067768097,0.9946576356887817,0.5191425681114197
762,37,799,-5.124135788565167,False,-0.02903665229678154,-0.9976434111595154,0.9806874990463257,0.48548170924186707,0.48548170924186707,0.9903437495231628,0.5024603605270386
762,38,800,-6.130408286887764,False,-0.05389903858304024,-0.9991366863250732,0.9756624698638916,0.47305047512054443,0.47305047512054443,0.9878312349319458,0.4915871322154999
762,39,801,-7.976269947742491,False,-0.11195524036884308,-0.9998350143432617,0.9718437194824219,0.44402235746383667,0.44402235746383667,0.9859218597412109,0.4691166877746582
762,40,802,-9.127860214768488,False,-0.16536766290664673,-0.999957263469696,0.9795756340026855,0.41731616854667664,0.41731616854667664,0.9897878170013428,0.44292470812797546
762,41,803,-9.91625751212106,False,-0.17244917154312134,-0.9999520778656006,0.9830367565155029,0.4137754440307617,0.4137754440307617,0.9915183782577515,0.4281711280345917
762,42,804,-17.931750621919143,False,-0.19244299829006195,-0.9998489618301392,0.9880752563476562,0.4037785232067108,0.4037785232067108,0.9940376281738281,0.41721534729003906
762,43,805,-20.138271599718053,False,-0.24003835022449493,-0.9997520446777344,0.9641116857528687,0.37998077273368835,0.37998077273368835,0.9820558428764343,0.39730092883110046
762,44,806,-21.788504347602032,False,-0.24548612534999847,-0.999856173992157,0.9585518836975098,0.37725695967674255,0.37725695967674255,0.9792759418487549,0.3930296003818512
762,45,807,-23.122217286876165,False,-0.1884474903345108,-0.9998851418495178,0.9434976577758789,0.4057762324810028,0.4057762324810028,0.9717488288879395,0.41401785612106323
762,46,808,-23.637412842871896,False,-0.06936999410390854,-0.9997125267982483,0.9795300960540771,0.46531498432159424,0.46531498432159424,0.9897650480270386,0.47312554717063904
762,47,809,-24.707446649107695,True,0.07794870436191559,-0.9997051954269409,0.9876867532730103,0.5389743447303772,0.5389743447303772,0.9938433766365051,0.5421149134635925
1427,0,1427,-2.299655998341965,False,-0.06716783344745636,-0.9933914542198181,0.986234188079834,0.4664160907268524,0.4664160907268524,0.993117094039917,0.4360673129558563
1427,1,1428,-1.715948066953684,False,0.10576707869768143,-0.9988330006599426,0.9958820343017578,0.552883505821228,0.552883505821228,0.9979410171508789,0.5640294551849365
1427,2,1429,-1.9971734016812228,False,-0.049655262380838394,-0.9947068691253662,0.9933850765228271,0.47517240047454834,0.47517240047454834,0.9966925382614136,0.5163507461547852
1427,3,1430,-1.5488946653129183,False,-0.143116295337677,-0.9665347933769226,0.98541259765625,0.4284418821334839,0.4284418821334839,0.992706298828125,0.4875665605068207
1427,4,1431,-1.66047635837344,False,-0.14706385135650635,-0.9369720220565796,0.9154753684997559,0.42646801471710205,0.42646801471710205,0.9577376842498779,0.45536887645721436
1427,5,1432,-1.888187700462931,False,-0.17531631886959076,-0.9703148603439331,0.8317766189575195,0.4123418927192688,0.4123418927192688,0.9158883094787598,0.4577226936817169
1427,6,1433,-1.034634179760623,False,-0.3544422388076782,-0.9519748687744141,0.8665241003036499,0.3227788507938385,0.3227788507938385,0.933262050151825,0.38566702604293823
1427,7,1434,-0.9074109817905145,False,-0.36544620990753174,-0.984293520450592,0.8820161819458008,0.31727686524391174,0.31727686524391174,0.9410080909729004,0.3640010952949524
1427,8,1435,-1.015879137049496,False,-0.21031947433948517,-0.9143801927566528,0.8597496747970581,0.3948402404785156,0.3948402404785156,0.929874837398529,0.42559754848480225
1427,9,1436,-1.919016637631604,False,-0.16107241809368134,-0.9832647442817688,0.9252938032150269,0.41946375370025635,0.41946375370025635,0.9626469016075134,0.4459854066371918
1427,10,1437,-3.2301343743135105,False,-0.0828026756644249,-0.9810482859611511,0.9771478176116943,0.4585987329483032,0.4585987329483032,0.9885739088058472,0.4832488000392914
1427,11,1438,-2.3464016834925827,False,-0.0004698146367445588,-0.9326871633529663,0.9037253856658936,0.4997650384902954,0.4997650384902954,0.9518626928329468,0.539453387260437
1427,12,1439,-1.7794770436582104,False,-0.13481268286705017,-0.9784958362579346,0.9851974248886108,0.4325936436653137,0.4325936436653137,0.9925987124443054,0.48677098751068115
1427,13,1440,-1.2635646432303111,False,-0.07958106696605682,-0.9718496799468994,0.8532962799072266,0.4602094888687134,0.4602094888687134,0.9266481399536133,0.49513161182403564
1427,14,1441,-1.0613051876009945,False,-0.10765190422534943,-0.992387056350708,0.9479384422302246,0.44617411494255066,0.44617411494255066,0.9739692211151123,0.48536741733551025
1427,15,1442,-1.2829865281085264,False,-0.15905310213565826,-0.9923800230026245,0.9627062082290649,0.42047345638275146,0.42047345638275146,0.9813531041145325,0.4563758671283722
1427,16,1443,-1.6010608457983078,False,-0.20199984312057495,-0.9924560785293579,0.9665799140930176,0.3990000784397125,0.3990000784397125,0.9832899570465088,0.425772488117218
1427,17,1444,-1.1236129424775045,False,-0.25071632862091064,-0.9949014186859131,0.9458721876144409,0.37464186549186707,0.37464186549186707,0.9729360938072205,0.4128565490245819
1427,18,1445,-1.009682924551452,False,-0.32827380299568176,-0.9670049548149109,0.8603763580322266,0.3358630836009979,0.3358630836009979,0.9301881790161133,0.38304319977760315
1427,19,1446,-0.9275602862560643,False,-0.26919203996658325,-0.9651055335998535,0.8411531448364258,0.36540400981903076,0.36540400981903076,0.9205765724182129,0.3875432312488556
1427,20,1447,-0.8574820009178429,False,-0.24517692625522614,-0.9552359580993652,0.8610594272613525,0.37741154432296753,0.37741154432296753,0.9305297136306763,0.39647799730300903
1427,21,1448,-1.13433148839407,False,-0.2193039059638977,-0.9135503172874451,0.9634454250335693,0.39034804701805115,0.39034804701805115,0.9817227125167847,0.40950635075569153
1427,22,1449,-1.6008386032103932,False,-0.20298980176448822,-0.9439661502838135,0.9866886138916016,0.3985050916671753,0.3985050916671753,0.9933443069458008,0.4158376455307007
1427,23,1450,-2.162907854661103,False,-0.22231890261173248,-0.9567884802818298,0.9866143465042114,0.38884058594703674,0.38884058594703674,0.9933071732521057,0.4099772274494171
1427,24,1451,-2.1469844547518493,False,-0.2321261465549469,-0.9344263672828674,0.9720726013183594,0.38393688201904297,0.38393688201904297,0.9860363006591797,0.4008997976779938
1427,25,1452,-2.4289232880621547,False,-0.23692689836025238,-0.9337255358695984,0.8793185949325562,0.3815365731716156,0.3815365731716156,0.9396592974662781,0.39768168330192566
1427,26,1453,-2.3923359474884016,False,-0.21946579217910767,-0.890969455242157,0.8152673244476318,0.39026710391044617,0.39026710391044617,0.9076336622238159,0.4103333353996277
1427,27,1454,-3.004033514913718,False,-0.26693078875541687,-0.8914200067520142,0.7240592241287231,0.36653462052345276,0.36653462052345276,0.8620296120643616,0.39808034896850586
1427,28,1455,-3.551780208967026,False,-0.35752394795417786,-0.9239133596420288,0.9849250316619873,0.3212380111217499,0.3212380111217499,0.9924625158309937,0.36069101095199585
1427,29,1456,-4.029338631704559,False,-0.3838806450366974,-0.9506145119667053,0.9905147552490234,0.3080596923828125,0.3080596923828125,0.9952573776245117,0.34183603525161743
1427,30,1457,-3.9755791387993407,False,-0.1835843026638031,-0.9680342078208923,0.9806108474731445,0.40820789337158203,0.40820789337158203,0.9903054237365723,0.4255020320415497
1427,31,1458,-2.5407729445132037,False,-0.08683490008115768,-0.9939836263656616,0.9672688245773315,0.45658254623413086,0.45658254623413086,0.9836344122886658,0.4781748056411743
1427,32,1459,-2.4746745321028945,False,0.028313003480434418,-0.9941232204437256,0.9850441217422485,0.5141564607620239,0.5141564607620239,0.9925220608711243,0.5262789726257324
1427,33,1460,-2.9201379331371125,False,0.01230607833713293,-0.9939244389533997,0.9942350387573242,0.5061530470848083,0.5061530470848083,0.9971175193786621,0.5230052471160889
1427,34,1461,-3.50251574501205,False,0.004008342046290636,-0.9942132234573364,0.9821680784225464,0.5020041465759277,0.5020041465759277,0.9910840392112732,0.5205169320106506
1427,35,1462,-3.8462895187954422,False,-0.02127133682370186,-0.994715690612793,0.9807679653167725,0.489364355802536,0.489364355802536,0.9903839826583862,0.5095952153205872
1427,36,1463,-5.002442859536234,False,-0.037874557077884674,-0.9974735379219055,0.9835448265075684,0.48106271028518677,0.48106271028518677,0.9917724132537842,0.49780595302581787
1427,37,1464,-5.402861861248504,False,-0.05607546493411064,-0.998378574848175,0.9836461544036865,0.4719623327255249,0.4719623327255249,0.9918230772018433,0.4994376003742218
1427,38,1465,-6.45589309416021,False,-0.16129565238952637,-0.9999539852142334,0.9538588523864746,0.41935214400291443,0.41935214400291443,0.9769294261932373,0.45387890934944153
1427,39,1466,-7.3730650518919525,False,-0.16363643109798431,-0.9999499917030334,0.9653787612915039,0.41818177700042725,0.41818177700042725,0.982689380645752,0.4399198591709137
1427,40,1467,-4.427740845667535,False,-0.1825179159641266,-0.9998729825019836,0.9706227779388428,0.4087410271167755,0.4087410271167755,0.9853113889694214,0.4254905879497528
1427,41,1468,-17.75923656016369,False,-0.21709004044532776,-0.9997089505195618,0.9384231567382812,0.3914549648761749,0.3914549648761749,0.9692115783691406,0.4080269932746887
1427,42,1469,-19.604828613361793,False,-0.24874211847782135,-0.9997029304504395,0.8714724779129028,0.3756289482116699,0.3756289482116699,0.9357362389564514,0.3929051160812378
1427,43,1470,-21.130154462505473,False,-0.23372577130794525,-0.9998534321784973,0.8882070779800415,0.38313713669776917,0.38313713669776917,0.9441035389900208,0.3957621455192566
1427,44,1471,-22.119831425319752,False,-0.18803635239601135,-0.9996016025543213,0.9456937313079834,0.40598180890083313,0.40598180890083313,0.9728468656539917,0.416749507188797
1427,45,1472,-22.928692830690572,False,-0.016300136223435402,-0.9992866516113281,0.9801434278488159,0.4918498992919922,0.4918498992919922,0.990071713924408,0.49940022826194763
1427,46,1473,-24.08781956451258,False,0.09109967201948166,-0.9995245933532715,0.9826934337615967,0.5455498099327087,0.5455498099327087,0.9913467168807983,0.5493651032447815
1427,47,1474,-24.824707516305285,True,0.10867295414209366,-0.9998141527175903,0.9884887933731079,0.5543364882469177,0.5543364882469177,0.994244396686554,0.565505862236023
2010,0,2010,-0.23530783770015432,False,-0.08092667162418365,-0.9723224639892578,0.9595344066619873,0.45953667163848877,0.45953667163848877,0.9797672033309937,0.4327075183391571
2010,1,2011,-0.9061992313818055,False,-0.18246378004550934,-0.9815458655357361,0.9495790004730225,0.40876808762550354,0.40876808762550354,0.9747895002365112,0.4503805935382843
2010,2,2012,-0.3615802276298975,False,-0.19827866554260254,-0.9371744990348816,0.8553810119628906,0.40086066722869873,0.40086066722869873,0.9276905059814453,0.43895187973976135
2010,3,2013,-0.3222618331055685,False,-0.2172221541404724,-0.9203378558158875,0.705746054649353,0.3913889229297638,0.3913889229297638,0.8528730273246765,0.417782187461853
2010,4,2014,-0.34853118011392015,False,-0.16431865096092224,-0.8901221752166748,0.6771159172058105,0.4178406596183777,0.4178406596183777,0.8385579586029053,0.44354048371315
2010,5,2015,-0.5624249769163303,False,-0.12463870644569397,-0.8789398670196533,0.8149490356445312,0.4376806318759918,0.4376806318759918,0.9074745178222656,0.4518440365791321
2010,6,2016,-0.7726796291405525,False,-0.17053799331188202,-0.917630136013031,0.7418564558029175,0.4147310256958008,0.4147310256958008,0.8709282279014587,0.43222591280937195
2010,7,2017,-0.8865551706849063,False,-0.19778455793857574,-0.9147019386291504,0.8179347515106201,0.4011077582836151,0.4011077582836151,0.9089673757553101,0.4300186038017273
2010,8,2018,-0.9971789096505411,False,-0.18521684408187866,-0.8844450116157532,0.7686928510665894,0.4073915481567383,0.4073915481567383,0.8843464255332947,0.4366162419319153
2010,9,2019,-0.818450106686935,False,-0.22188343107700348,-0.9716733694076538,0.6833627223968506,0.38905829191207886,0.38905829191207886,0.8416813611984253,0.4283767640590668
2010,10,2020,-0.6428544279835686,False,-0.2083451747894287,-0.90323406457901,0.8378970623016357,0.39582738280296326,0.39582738280296326,0.9189485311508179,0.4350929260253906
2010,11,2021,-0.7673434284500477,False,-0.21571077406406403,-0.9501054286956787,0.9266738891601562,0.39214465022087097,0.39214465022087097,0.9633369445800781,0.4472685158252716
2010,12,2022,-0.42056373784381357,False,-0.3161812126636505,-0.9643498659133911,0.5402777194976807,0.34190937876701355,0.34190937876701355,0.7701388597488403,0.4019331932067871
2010,13,2023,-1.0107404595628822,False,-0.2957897186279297,-0.9647237658500671,0.7581508159637451,0.35210511088371277,0.35210511088371277,0.8790754079818726,0.38992881774902344
2010,14,2024,-0.959536647021858,False,-0.16849583387374878,-0.9789213538169861,0.9299906492233276,0.4157520532608032,0.4157520532608032,0.9649953246116638,0.43858757615089417
2010,15,2025,-1.6686154912930573,False,0.010847481898963451,-0.994816243648529,0.977774977684021,0.5054237246513367,0.5054237246513367,0.9888874888420105,0.5322216153144836
2010,16,2026,-1.918823993912808,False,0.11004264652729034,-0.9942012429237366,0.9923901557922363,0.555021345615387,0.555021345615387,0.9961950778961182,0.5773420333862305
2010,17,2027,-1.7217700308842976,False,0.13165275752544403,-0.9891259670257568,0.9674315452575684,0.5658263564109802,0.5658263564109802,0.9837157726287842,0.5826910734176636
2010,18,2028,-1.2634087514116756,False,-0.003655856242403388,-0.9772732853889465,0.9679262638092041,0.49817201495170593,0.49817201495170593,0.983963131904602,0.5338144898414612
2010,19,2029,-1.108219955944835,False,-0.06351950764656067,-0.9437316060066223,0.9648118019104004,0.46824023127555847,0.46824023127555847,0.9824059009552002,0.5017164349555969
2010,20,2030,-1.4432716343686027,False,-0.04648350551724434,-0.944002628326416,0.916940450668335,0.47675827145576477,0.47675827145576477,0.9584702253341675,0.5059521198272705
2010,21,2031,-1.6439793936287468,False,-0.08416443318128586,-0.9258591532707214,0.8379452228546143,0.45791780948638916,0.45791780948638916,0.9189726114273071,0.48228558897972107
2010,22,2032,-1.587355060999265,False,-0.11959540843963623,-0.9587035179138184,0.8370215892791748,0.4402023255825043,0.4402023255825043,0.9185107946395874,0.46773776412010193
2010,23,2033,-1.0689898274250011,False,-0.13448451459407806,-0.9740980267524719,0.7762081623077393,0.43275773525238037,0.43275773525238037,0.8881040811538696,0.4607635736465454
2010,24,2034,-0.8008920888443388,False,-0.15736502408981323,-0.9615002274513245,0.8933124542236328,0.4213174879550934,0.4213174879550934,0.9466562271118164,0.4480208456516266
2010,25,2035,-0.288601817717497,False,-0.2722792327404022,-0.9597830772399902,0.9007236957550049,0.3638603389263153,0.3638603389263153,0.9503618478775024,0.4115191698074341
2010,26,2036,-0.9490404341243556,False,-0.27754896879196167,-0.9593928456306458,0.9318143129348755,0.36122551560401917,0.36122551560401917,0.9659071564674377,0.39489948749542236
2010,27,2037,-1.1960360071950717,False,-0.20935973525047302,-0.9623333811759949,0.8421310186386108,0.3953201174736023,0.3953201174736023,0.9210655093193054,0.42142656445503235
2010,28,2038,-1.2303091596590652,False,-0.1078718826174736,-0.9544652700424194,0.9388120174407959,0.4460639953613281,0.4460639953613281,0.969406008720398,0.4649668037891388
2010,29,2039,-1.160635879374583,False,-0.0022380677983164787,-0.9478116035461426,0.9132351875305176,0.49888095259666443,0.49888095259666443,0.9566175937652588,0.519363284111023
2010,30,2040,-1.0824601194292955,False,-0.08906292170286179,-0.9759325981140137,0.9162894487380981,0.4554685652256012,0.4554685652256012,0.9581447243690491,0.4970042109489441
2010,31,2041,-1.4439122070762007,False,-0.1141897663474083,-0.9802291989326477,0.9080415964126587,0.44290512800216675,0.44290512800216675,0.9540207982063293,0.48582449555397034
2010,32,2042,-1.663903737218438,False,-0.05449163541197777,-0.9864953756332397,0.9543735980987549,0.47275421023368835,0.47275421023368835,0.9771867990493774,0.4967670738697052
2010,33,2043,-1.5618299859760845,False,-0.07695145905017853,-0.9892947673797607,0.9629559516906738,0.46152427792549133,0.46152427792549133,0.9814779758453369,0.49331122636795044
2010,34,2044,-1.8233176915715883,False,-0.10451368987560272,-0.9959140419960022,0.9704869985580444,0.4477432370185852,0.4477432370185852,0.9852434992790222,0.47300994396209717
2010,35,2045,-1.584460565697496,False,-0.17605294287204742,-0.989666759967804,0.9429928064346313,0.4119735658168793,0.4119735658168793,0.9714964032173157,0.44728901982307434
2010,36,2046,-1.6738746266439892,False,-0.20454837381839752,-0.9651042222976685,0.7673907279968262,0.39772579073905945,0.39772579073905945,0.8836953639984131,0.43046852946281433
2010,37,2047,-1.617542284643411,False,-0.22092418372631073,-0.9692086577415466,0.8657888174057007,0.3895379304885864,0.3895379304885864,0.9328944087028503,0.41170069575309753
2010,38,2048,-1.8789718976668093,False,-0.18494848906993866,-0.9393768906593323,0.941389799118042,0.4075257480144501,0.4075257480144501,0.970694899559021,0.4224735498428345
2010,39,2049,-2.311893475809681,False,-0.15106868743896484,-0.9438494443893433,0.9786410331726074,0.4244656562805176,0.4244656562805176,0.9893205165863037,0.43705055117607117
2010,40,2050,-2.9473203147554936,False,-0.14140701293945312,-0.9442817568778992,0.9861725568771362,0.42929649353027344,0.42929649353027344,0.9930862784385681,0.44340837001800537
2010,41,2051,-3.716185755046702,False,-0.12347149848937988,-0.9564611315727234,0.9867405891418457,0.43826425075531006,0.43826425075531006,0.9933702945709229,0.45002681016921997
2010,42,2052,-4.173621226403929,False,-0.10786712169647217,-0.9572869539260864,0.9725737571716309,0.4460664689540863,0.4460664689540863,0.9862868785858154,0.4576490521430969
2010,43,2053,-3.401406120713759,False,-0.12731005251407623,-0.9333854913711548,0.9398607015609741,0.43634501099586487,0.43634501099586487,0.9699303507804871,0.4546915888786316
2010,44,2054,-3.9021164453260613,False,-0.1267501562833786,-0.9268114566802979,0.9677257537841797,0.4366249144077301,0.4366249144077301,0.9838628768920898,0.4533500671386719
2010,45,2055,-4.385657285799448,False,-0.13098737597465515,-0.9485905766487122,0.9500157833099365,0.4345063865184784,0.4345063865184784,0.9750078916549683,0.45236194133758545
2010,46,2056,-5.295473938809592,False,-0.19279354810714722,-0.9336475729942322,0.9137403964996338,0.403603196144104,0.403603196144104,0.9568701982498169,0.43060338497161865
2010,47,2057,-6.1233682129554525,True,-0.24740520119667053,-0.9484615325927734,0.9431854486465454,0.37629738450050354,0.37629738450050354,0.9715927243232727,0.4035949409008026
